,gene_set,data_source,mean_bait_usage,mean_study_attention
0,hsa04060,KEGG,2.807377049180328,16.177777777777777
1,hsa04140,KEGG,9.257352941176471,66.51773049645391
2,hsa04621,KEGG,8.6625,75.54069767441861
3,hsa04630,KEGG,7.943262411347518,36.869281045751634
4,hsa05014,KEGG,5.979310344827586,57.34319526627219
5,hsa05016,KEGG,5.617647058823529,54.449122807017545
6,hsa05223,KEGG,17.056338028169016,74.76388888888889
7,hsa05321,KEGG,6.862068965517241,52.60655737704918
